LOCATION;TEXT;ATC;PZN;ASK-Code;EAN
A;TRULICITY 075MG INJEKTIONSLÖSUNG IN EINEM FERTIGPEN;;A10BJ05;;
A;UNIZINK;;A12CB;;
A;GLUCOSTERIL 10 GLAS 500ML;;B05BA03;;
A;ISOTONISCHE KOCHSALZLÖSUNG 09 GLAS 250ML;;B05BB01;;
A;TOREM 200 INFUSIONSLÖSUNG;;C03CA04;;
A;DORMICUM 75MG;;N05CD08;;
A;NUTRISON ENERGY SMARTPACK 500ML;;V06DB;;
A;LONQUEX 6MG INJEKTIONSLÖSUNG;;L03AA14;;
A;LANICOR;;C01AA05;;
A;KOCHSALZLÖSUNG 10 PLASTIK 10ML;;B05XA03;;
A;H2BLOCKERRATIOPHARM 200MG2ML INJEKTIONSLÖSUNG;;A02BA01;;
A;PLAVIX 75MG;;B01AC04;;
A;ARTERENOL 1MGML INJEKTIONSLÖSUNG 25ML;;C01CA03;;
A;XARELTO 10MG;;B01AF01;;
A;SALBUTAMOLRATIOPHARM FERTIGINHALAT;;R03AC02;;
A;GENTAMICINPOS 5MGG;;S01AA11;;
A;COTRIMRATIOPHARM AMPULLEN 400MG5ML80MG5ML;;J01EE01;;
A;EPOPROSTENOL  ROTEXMEDICA 05MG;;B01AC09;;
A;FLUMAZENIL KABI 01MGML 5ML;;V03AB25;;
A;AMINOMIX 1 NOVUM DOPPELKAMMERBEUTEL 1L;;B05BA10;;
A;PENTOXIFYLLIN1A PHARMA 600MG;;C04AD03;;
A;NUTRINIDRINK MULTI FIBRE ERDBEERE;;V06DB;;
A;BICALUTAMID WINTHROP 50MG;;L02BB03;;
A;VENCLYXTO 10MG;;L01XX52;;
A;UTROGEST 100MG;;G03DA04;;
A;NIFEDIPIN AL 10;;C08CA05;;
A;BUSCOPAN;;A03BB01;;
A;AMINEURIN 100MG;;N06AA09;;
A;HAEMOCOMPLETTAN P 20MGML 1G;;B02BB01;;
A;CHLORALDURAT 500MG;;N05CC01;;
A;IMODIUM LINGUAL;;A07DA03;;
A;VOLTAREN 100MG;;M01AB05;;
A;MORPHIN MERCK 2;;N02AA01;;
A;ENVARSUS 4MG;;L04AD02;;
A;FRESUBIN ENERGY FIBRE EASYBAG 500ML;;V06DB;;
A;JANUMET 50MG1000MG;;A10BD07;;
A;CLARITHROMYCIN EBERTH 500MG;;J01FA09;;
A;KREON 10000;;A09AA02;;
A;GLUCOSTERIL 5 GLAS 100ML;;V07AB;;
A;LEVOFLOXACIN KABI 5MGML 500MG KABIPAC;;J01MA12;;
A;NOXAFIL 300MG;;J02AC04;;
A;AMPUWA GLASINJEKTIONSFLASCHE 100ML;;V07AB;;
A;ELEKTROLYTINFUSIONSLÖSUNG 148 MIT GLUCOSE 1 PÄD 250ML;;B05BB02;;
A;REOMAX AMP 50MG IMPORT;;C03CC01;;
A;LEUCOVORIN 15MG;;V03AF03;;
A;TRANSTEC PRO 35 MIKROGRAMMH;;N02AE01;;
A;UBRETID 5MG;;N07AA03;;
A;TRACTOCILE 375MG5ML KONZENTRAT;;G02CX01;;
A;CALCIUMFOLINATGRY 15MG;;V03AF03;;
A;SODERM 122MGG;;D07AC01;;
A;VENTAVIS 10 MIKROGRAMMML LÖSUNG FÜR VERNEBLER 2ML;;B01AC11;;
A;REMICADE 100MG INFUSIONSLÖSUNGSKONZENTRAT;;L04AB02;;
A;FLUCONAZOL KABI 2MGML 200ML;;J02AC01;;
A;SULPIRID STADA 50MG;;N05AL01;;
A;HUMAN ALBUMIN 200GL BAXALTA 50ML;;B05AA01;;
A;TOBRAZID INFECTOPHARM 80MG2ML INJEKTIONSINFUSIONSLÖSUNG;;J01GB01;;
A;LERCANIDIPINOMNIAPHARM 20MG;;C08CA13;;
A;FENTANYL PANPHARMA 05MG INJEKTIONSLÖSUNG;;N01AH01;;
A;EMLA 25MGG  25MGG;;N01BB20;;
A;FLUTIDE MITE 50UG;;R03BA05;;
A;METOPROLOLTARTRATOMNIAPHARM 5MG5ML INJEKTIONSLÖSUNG;;C07AB02;;
A;REFOBACIN;;D06AX07;;
A;POSTERISAN AKUT 60MG;;C05AD01;;
A;HYDROCORTISONPOS N 25;;S01BA02;;
A;NOVAMINSULFONRATIOPHARM 1G2ML INJEKTIONSLÖSUNG;;N02BB02;;
A;NUTRISON ADVANCED DIASON SMARTPACK 1000 ML;;V06DB;;
A;PANTOPRAZOL WINTHROP 20MG;;A02BC02;;
A;FOSINORM 20MG;;C09AA09;;
A;MUCOFALK APFEL BEUTEL;;A06AC01;;
A;LEUKASE N;;D06AX;;
A;DREISAFOL 5MG;;B03BB01;;
A;LIMPTAR N 200MG;;P01BC01;;
A;LEVOSIMENDAN CARINOPHARM 125MG INFUSIONSLÖSUNGSKONZENTRAT;;C01CX08;;
A;TRULICITY 15MG INJEKTIONSLÖSUNG IN EINEM FERTIGPEN;;A10BJ05;;
A;CASPOFUNGIN INRESA 50MG INFUSIONSLÖSUNGSKONZENTRAT;;J02AX04;;
A;KOHLEPULVIS;;A07BA01;;
A;TARGIN 20MG10MG;;N02AA55;;
A;KALINOR;;A12BA30;;
A;SODERM 122MGG;;D07AC01;;
A;CLARITHROMYCIN1A PHARMA 125MG5ML;;J01FA09;;
A;ARANESP 10 MIKROGRAMM INJEKTIONSLÖSUNG;;B03XA02;;
A;NITROXOLIN FORTE;;J01XX07;;
A;B12 ANKERMANN 1000UG;;B03BA01;;
A;LISKANTIN;;N03AA03;;
A;NITROLINGUAL INFUS 1MGML 10ML;;C01DA02;;
A;DEXAGENTOPHTAL 5MGG UND 03MGG;;S01CA01;;
A;PTABLETTEN WEI 8MM LICHTENSTEIN;;V03AX;;
A;GLUCAGEN;;H04AA01;;
A;VIMPAT 100MG;;N03AX18;;
A;VALSACOR 160MG;;C09CA03;;
A;FINALGON 4MGG  25MGG;;M02AB;;
A;PRAXBIND 25G50ML;;V03AB37;;
A;HAEMATE P 250;;B02BD06;;
A;LISINOPRIL STADA 25MG;;C09AA03;;
A;ETORICOXIB PUREN 60MG;;M01AH05;;
A;STALEVO 150MG375MG200MG;;N04BA03;;
A;PROPRARATIOPHARM 10MG;;C07AA05;;
A;SOTALEX MITE 80MG;;C07AA07;;
A;JODID 200UG HEXAL;;H03CA;;
A;IMODIUM N;;A07DA03;;
A;PIVMELAM 400MG;;J01CA08;;
A;BICANORM;;A02AH;;
A;COTRIMOXAZOL AL;;J01EE01;;
A;NUTRIFLEX OMEGA SPECIAL NOVO 125L EMULSION;;B05BA10;;
A;ENALAPRILRATIOPHARM 20MG;;C09AA02;;
A;BASODEXAN 100MGG;;D02AE01;;
A;MELPERONNEURAXPHARM 25MG;;N05AD03;;
A;RELISTOR 12MG06ML INJEKTIONSLÖSUNG;;A06AH01;;
A;STANGYL 100MG TABS;;N06AA06;;
A;ZOPICLON1A PHARMA 75MG;;N05CF01;;
A;PETHIDINHAMELN 50MGML 2ML;;N02AB02;;
A;THYMOGLOBULINE 5MGML 25MG INFUSIONSLÖSUNGSKONZENTRAT;;L04AA04;;
A;CALCIUMFOLINAT KABI 10MGML INJEKTIONSLÖSUNG 1000MG;;V03AF03;;
A;CHLORHEXAMED PRAXIS 1;;A01AB03;;
A;CYMBALTA 30MG;;N06AX21;;
A;METEX 75MG 50MGML INJEKTIONSLÖSUNG;;L04AX03;;
A;ACC 200MG;;R05CB01;;
A;LIXIANA 60MG;;B01AF03;;
A;PROGRAF 5MGML;;L04AD02;;
A;RISPERIDONRATIOPHARM 25MG DEPOTINJEKTIONSSUSPENSION;;N05AX08;;
A;VOLTAREN EMULGEL 116;;M02AA15;;
A;TRANSPULMIN ERKÄLTUNGSBALSAM;;R05X;;
A;PREDNISOLON 1MG JENAPHARM;;H02AB06;;
A;LIORESAL 25;;M03BX01;;
A;NEVANAC 1MGML;;S01BC10;;
A;MESNACELL 100MGML 5000MG;;V03AF01;;
A;XYLOCAIN 2;;N01BB02;;
A;DOLORMIN FÜR KINDER IBUPROFENSAFT 40MGML;;M01AE01;;
A;NATRIUMHYDROGENCARBONAT 42 BBRAUN 250ML;;B05XA02;;
A;DIAMOX INJFL 500MG IMPORT;;S01EC01;;
A;BRICANYL 05MG;;R03CC03;;
A;BERODUAL RESPIMAT 2050 MIKROGRAMMDOSIS;;R03AL01;;
A;SPIOLTO RESPIMAT 25UG25UG PRO HUB WIEDERVERWENDBAR;;R03AL06;;
A;FLOXAL 3MGG;;S01AE01;;
A;CALCIUMCHLORID 55 BAXTER;;B05XA07;;
A;KLISMACORT 100MG;;H02AB06;;
A;MUCOFALK ORANGE BEUTEL;;A06AC01;;
A;CLONIDOPHTAL 18 SINE AUGENTROPFEN;;S01EA04;;
A;CLEXANE 4000 IE 40MG04ML INJEKTIONSLSG MSICHSYS;;B01AB05;;
A;STEROFUNDIN ISO ECOFLAC PLUS 1L;;B05BB01;;
A;AMARYL 3MG;;A10BB12;;
A;NUTRISON SMARTPACK 500ML;;V06DB;;
A;PURINETHOL;;L01BB02;;
A;ZYPADHERA 300MG DEPOTINJEKTIONSSUSPENSION;;N05AH03;;
A;BERIPLEX PN 1000;;B02BD01;;
A;TAMIFLU 30MG;;J05AH02;;
A;CIPRAMIL 20MG;;N06AB04;;
A;CLONIDOPHTAL 18 SINE AUGENTROPFEN;;S01EA04;;
A;ENTYVIO 300MG INFUSIONSLÖSUNGSKONZENTRAT;;L04AA33;;
A;NOVONORM 05MG;;A10BX02;;
A;PILOMANN 1;;S01EB01;;
A;COFACT 500 IE;;B02BD01;;
A;TILIDIN COMP STADA 150MG12MG;;N02AX51;;
A;URSOFALK 250MG5ML SUSPENSION;;A05AA02;;
A;VAGISAN MYKO KOMBI 3 TAGE;;G01AF02;;
A;TELMISARTAN ABZ 80MG;;C09CA07;;
A;CEFOTAXIM FRESENIUS 2G;;J01DD01;;
A;ARIXTRA 25MG05ML INJEKTIONSLÖSUNG;;B01AX05;;
A;FLUCLOXACILLIN KABI 2000MG;;J01CF05;;
A;GLIBENCLAMID ABZ 35MG;;A10BB01;;
A;CLINDASAAR 300MG;;J01FF01;;
A;FERINJECT 50MG EISENML 20ML;;B03AC;;
A;DEXAMYTREX;;S01CA01;;
A;HYDROMORPHON HEXAL 10MGML 10MG;;N02AA03;;
A;RINGERINJEKTIONSLÖSUNG B BRAUN GLAS 100ML;;V07AB;;
A;XEPLION 150MG DEPOTINJEKTIONSSUSPENSION;;N05AX13;;
A;EXELON 95MG24 STUNDEN;;N06DA03;;
A;LTHYROXIN HENNING 50;;H03AA01;;
A;CEFTRIAXON HEXAL 05G;;J01DD04;;
A;LEVEMIR FLEXPEN 100 EINHEITENML;;A10AE05;;
A;LEVETIRACETAM ZENTIVA 500MG;;N03AX14;;
A;ADVAGRAF 1MG;;L04AD02;;
A;BICALUTAMID1A PHARMA 50MG;;L02BB03;;
A;BETMIGA 50MG;;G04BD12;;
A;METEX 10MG;;L04AX03;;
A;CIPROBAY SAFT 10 MIT LÖSUNGSMITTEL;;J01MA02;;
A;COMTESS 200MG;;N04BX02;;
A;SYMBICORT TURBOHALER 16045 MIKROGRAMMDOSIS;;R03AK07;;
A;NITRENDIPIN ARISTO 10MG;;C08CA08;;
A;ETORICOXIB PUREN 60MG;;M01AH05;;
A;THIOGUANINASPEN 40MG;;L01BB03;;
A;BERIPLEX PN 500;;B02BD01;;
A;FORTECORTIN INJECT 4MG INJEKTIONSLÖSUNG;;H02AB02;;
A;FAMOTIDIN STADA 40MG;;A02BA03;;
A;NOVAMINSULFON LICHTENSTEIN 500MG;;N02BB02;;
A;OLANZAPIN1A PHARMA 5MG;;N05AH03;;
A;ORFIRIL 150;;N03AG01;;
A;NITROLINGUAL AKUT SPRAY;;C01DA02;;
A;MOVICOL FLÜSSIG ORANGE;;A06AD65;;
A;GYNOPHILUS SCHEIDENKAPSELN;;G01AX14;;
A;GLYCEROL 85 GLASFLASCHE 125ML 1X1;;7283969;;
A;CEFTAZIDIM DR EBERTH 1G;;J01DD02;;
A;LEVETIRACETAM DESITIN 750MG;;N03AX14;;
A;NUTRINIMAX MULTIFIBRE SMARTPACK;;V06DB;;
A;INTRATECT 100GL 100ML;;J06BA02;;
A;LTHYROXIN HENNING 125;;H03AA01;;
A;TIAPRID HEXAL 100MG;;N05AL03;;
A;DIGIMERCK MINOR 007MG;;C01AA04;;
A;GLIBENCLAMID STADA 35MG;;A10BB01;;
A;TEMOZOCELL 140MG;;L01AX03;;
A;TEMOZOCELL 140MG;;L01AX03;;
B;Rocephin 2 g. i.v. x1;;;;
B;* Capillitium: Salicyl Kopfkappe;;;;
B;Enalapril 5 mg TBL;;;;
B;Dekristol (Colecalciferol) 20.000 I.E. TBL;;;;
B;40 KCl + 2 AMp Calcium +2 Amp Magnesium in die Infusion;;;;
B;Sortis (Atorvastatin Hemicalcium);;;;
B;Sevikar HCT  40/5/12,5 mg;;;;
B;Autologes peripheres Blutstammzellkonz. HAL, kryokonserviert;;;;
B;Metformin/Vildagliptin 50/1000 mg;;;;
B;Transtec pro Pflaster 35 æg/h (Buprenorphin) 20 mg PFL Di abend, Sa früh;;;;
B;Ernäh. Nutrison Energy Multifibre (SN) 1,5 kcal/ml;;;;
B;Pregabalin 200;;;;
B;Vocado HCT 40mg/5mg/25mg Tabletten;;;;
B;6IE Oxytocin in 500ml Jono-Steril;;;;
B;L-Thyroxin (Levothyroxin) IV;;;;
B;Valproat (Orfiril) 1000 mg;;;;
B;Zinkorotat 25 (Zink) 15 mg TBL;;;;
B;Midazolam (Prämed vor OP);;;;
B;Decoderm Tri Creme;;;;
B;Torem 25 mg TBL;;;;
B;*Lagerung auf Metalline Folie;;;;
B;Erythrozytenkonzentrat PAGGS-M, gefiltert, bestrahlt HAL (ZE);;;;
B;Irenat Tropfen (Natriumperchlorat) 300 mg/ ml MG, 3*20 Tropfen;;;;
B;NaCl 0,9% + 4gtt Salbutamol;;;;
B;Metoprolol 95;;;;
B;Dekristol (Colecalciferol) 1.000 I.E. ;;;;
B;FERINJECT 50 mg Eisen/ml (Eisencarboxymaltose) 100 mg/ 2 ml INJ. bitte als Kurzinfusion;;;;
B;Candesartan Zentiva comp 16mg/12,5 mg ;;;;
B;Ketanest S (Esketamin) 50 mg auf 50 ml zur Sedierung;;;;
B;Urbason solubile forte 500mg (Methylprednisolon) 250 mg IV;;;;
B;Myopiridin 3 mg TBL;;;;
B;Zodin Omega 3 1000mg;;;;
B;CandidoHermal Plus Softpaste;;;;
B;Otriven 0,05% (Xylometazolin HCl) 0,25 mg NTR;;;;
B;Everolimus 5 mg;;;;
B;*Mo-Po-CO GK außer Gesicht;;;;
B;*Mo-Po-Co Unterarme  + Hände bds. ;;;;
B;*Dermoxin Füße bds.;;;;
B;Apidra (spritzt Patn. selbstständig);;;;
B;L Thyrox 150;;;;
B;Tracleer 125 mg;;;;
B;Tamsulosin (Tamsulosin HCl) 0,4 mg ;;;;
B;Palladon akut 1.3 mg ;;;;
B;Ketanest S (Esketamin) 50 mg/ml 50 ml INJ;;;;
B;Gastrografin 100ml über MS;;;;
B;Kaliumchlorid 7,45% 30ml ad 30ml NaCl0,9%;;;;
B;Fenistil vor 15 min Beginn Rituximab;;;;
B;Nitrazepam 10 mg;;;;
B;Gentamicin Ampullen (Gentamicin) 240;;;;
B;Ramipril 10 mg ;;;;
B;Kochsalz 0,9 %;;;;
B;20 mVal KCL mit in die NaCl geben;;;;
B;Zyklopentolat AT 2xR;;;;
B;Tromcardin Complex ;;;;
B;Systemth Erbitux load;;;;
B;Smofkabiven zentral 2200 kcal 1970 ml ;;;;
B;Salbuhexal 100;;;;
B;Otriven (Xylometazolinhydrochlorid) 0,1 % Spray;;;;
B;Bimatoprost Augentr.;;;;
B;Systemtherapie Cis 40 laut Standard;;;;
B;Exforge HCT (Amlodipin+Valsartan) 5+160 mg+25mg FTA;;;;
B;Nasenöl;;;;
B;Lixiana 60mg (Edoxaban) 60 mg FTA.;;;;
B;Bipreterax 5/1,25;;;;
B;Lercanidipin  10mg;;;;
B;Metoprololsuccinat plus 95/12,5;;;;
B;Timophthal 0.5% AT R/L;;;;
B;Flutiform 125/5 Inh;;;;
B;Magnesium Diasporal 150;;;;
B;Rosuzet 10 /10;;;;
B;Floxal AS z.N. L;;;;
B;Arlevert (Cinnarizin+Dimenhydrinat) 20+40 mg;;;;
B;Valoron N Retard 100/8mg;;;;
B;Innohep 20000 Anti-Xa I.E./ mL (Durchstechflasche);;;;
B;Fluclox (Flucloxacillin) 1,5 g in NaCl 0,9% 100 ml INF;;;;
B;*PoLa auf entzündetes Areal rechter US;;;;
B;Bimaprost- Lumigan 0.1mg/ml;;;;
B;Thyrogen 0,9mg (Amp);;;;
B;Atenolol comp 100mg/25mg ;;;;
B;Levodopa/Benserazid 100+25 mg TBL;;;;
B;Metoprolol 100 mg     1-0-1-0;;;;
B;Medazepam 10mg;;;;
B;Tavor (Lorazepam) 1 mg TBL bei Bedarf zur Nacht ;;;;
B;Colchizin 0,5 mg;;;;
B;Insulin Lantus Solostar;;;;
B;Nabic 70 ml+70 ml Aqua über 1 Std.;;;;
B;Atenolol 50mg;;;;
B;Clexane (Enoxaparin-Natrium) 90 mg FSP;;;;
B;Euthyrox;;;;
B;Singulair 10mg;;;;
B;Palladon 1,3 akut;;;;
B;Vitamin B;;;;
B;Lorazepam 2,5mg ;;;;
B;Eferox 50µg;;;;
B;Novo Rapid (Ins. aspart) 100 IE/ml;;;;
B;Hydrierung lt CatoPan;;;;
B;Colchicin  (Colchicin) 0,5 mg FTA;;;;
B;Exforge 10/360mg ;;;;
B;*Permethrin am gesamten Körper (außer Kopf) zur Nacht;;;;
B;octenisan Waschlotion;;;;
B;Pamidronat (Pamidronsäure) als KI über 2h ;;;;
B;*Dermoxin Hände/Fingerkuppen;;;;
B;Liothyronin 20 µg;;;;
B;Fludrocortison 10 µg/ml;;;;
B;Artane 2mg;;;;
B;L-Thyrox 225µg (Levothyroxin natrium);;;;
B;Ramipril 0,5;;;;
B;Jonosteril 1000ml + Kalium 40 mmol über die Nacht;;;;
B;Duoresp;;;;
B;Natriumchlorid-Lösung 0,9%;;;;
B;Bisoprolol-ratiopharm 5 mg ;;;;
B;Omega 3 1000 mg;;;;
B;Delix plus (Ramipril+Hydrochlorothiazid) 5+25 mg TBL;;;;
B;Desristol 20000;;;;
B;*1-2-3-Creme ;;;;
B;Certican (Everolimus) TBL (ZE);;;;
B;*Po-La auf Zosterareal;;;;
B;(Beloc) Metoprolol  5mg ;;;;
B;Yomogi 250 mg 5 Bilionen Zellen HKP;;;;
B;Selenase 300mg TBL;;;;
B;*Polyhexanid- Spray + Cutimed sorbact Gelgaze + Überverband;;;;
B;Argininhydrochlorid 20g über 30min;;;;
B;topisch: Polihexanid in Lanette 2x tgl. linke Gesichts/Kopfhälfte;;;;
B;Dronabinol-Tropfen ölig (Dronabinol) 2,5% TRO --- bitte zur Einnahme auf Zwieback tropfen!;;;;
B;Formolich 12µg Inhalation;;;;
B;Amoxi-Clavulan Saft (Amoxicillin+Clavulansäure 25+6,25 mg/ml ML);;;;
B;Ambisome (Amphotericin B, liposomal);;;;
B;Marcumar (Phenprocoumon) 3 mg TBL, bitte pausieren, Einnahme nach Quick;;;;
B;Thyronajod 50 µg TBL;;;;
B;Sitaglipin 25 mg;;;;
B;Ozym (Triacylglycerollipase) 40000 I.E. KPS;;;;
B;Remdesivir 100mg in 250ml NaCl 0,9%;;;;
B;Concor 2,5 mg;;;;
B;L-Thyroxin /Iodid 50 µg/150µg TBL;;;;
B;Cholecalciferol 20000 I.E.;;;;
B;Cutimed sorbact Gel Gaze ;;;;
B;Tranexams¿ure (Tranexams¿ure) 500 mg/5 ml INJ;;;;
B;Bifiteral Einlauf ;;;;
B;Tamoxifen;;;;
B;Adsactone Drag. 50 mg ;;;;
B;A-Z komplex ;;;;
B;Tioblis 10/80;;;;
B;2 ml NaCl 0,9%;;;;
B;Humalog Insulin: ;;;;
B;Duoresp Spiropmax 160 UH/4,5IHP;;;;
B;Polihexanid 0,12% (Polihexanid) 40g Creme f. Beine;;;;
B;Metamizol;;;;
B;Morphin 1mg s.c.;;;;
B;ISMN 40 mg;;;;
B;Erythrozytenkonzentrat PAGGS-M, 2766612100219918 HAL (ZE);;;;
B;RELVAR-ELIPTA  184/22;;;;
B;Heparin-Natrium (Heparin-Natrium vom Schwein) 5.000 I.E. INJ NACH RÖ-TH;;;;
B;Valsartan (Valsartan) 80 mg FTA (Stück);;;;
B;Kalium-Bypass 10 ml KCl 7.46% ad 10 ml Aqua über 4h;;;;
B;Paspertin (Metoclopramid) 10 mg tbl;;;;
B;Quilonum ret 450;;;;
B;*Urea-5%-Creme Hände und Füße;;;;
B;Fortecortin (Dexamethason) TBL;;;;
B;Moventig;;;;
B;Klacid 500mg ;;;;
B;taflotan sine (Tafluprost) 15µg/ml AT;;;;
B;Beloc-Zok mite Retardtabletten (Metoprololsuccinat) 47,5 mg TBL (Stück);;;;
B;parenterales Fett über 12h (20-8 Uhr);;;;
B;Dormicum (Midazolam) 7,5 mg ;;;;
B;Levodopa/Benserazid 100mg/25mg Tabletten;;;;
B;Insulin glulisin(Apidra 100E/ml) Solostar FP;;;;
B;Velmetia 50 mg ;;;;
B;Bisoprolol 5 mg ;;;;
B;Jonosteril (Vollelektrolytlösung) 500 ml INF + 40mVal KCl;;;;
B;Monoembolex (Patn. spritzt selbstständig);;;;
B;*Sprühdesinfektion, MepilexSchaumverband prätibial links;;;;
B;Furosemid-ratiopharm (Furosemid) 20 mg IV 20 min nach Ende SZT;;;;
B;100ml Wasser als Bolus in PEG;;;;
B;Fortum 2g;;;;
B;BELOCK-ZOK 47,5 mg;;;;
B;Floxal (Ofloxacin) 0,3% ATR LINKS;;;;
B;Trombozytenkonzentrat;;;;
B;Dekristol (Colecalciferol) 0,5µg;;;;
B;Salbutamol (Salbutamolsulfat) 120 µg/25;;;;
B;Lercanidipin/Enalapril 10mg/10mg;;;;
B;Systemtherapie Gemcitabine;;;;
B;Tonotec 5/5 mg;;;;
B;Ramipril/HCT 5/12,5mg;;;;
B;Aktivität 131 Iod 548 MBq;;;;
B;Braltus Spray;;;;
B;Lercanidipin 20;;;;
B;Prothromplex NF 600 (PPSB=Prothrombinkomplex v. Menschen) IV (ZE) P5W003AA;;;;
B;Elyte lt. CatoPan;;;;
B;Polihexanid 0,02% (Polihexanid) Creme;;;;
B;*Natriumthiosulfat 12.5 % 100 ml über 60 min;;;;
B;Risedronsäure 35 mg;;;;
B;Floxal EDO (Ofloxacin) 0,3% ATR 5 x linkes Auge;;;;
B;Unacid 3g i.v ;;;;
B;Escitalopram (Escitalopram) 20 mg;;;;
B;Candesartan comp. 16/12, 5 mg ;;;;
B;Vitamin B KOmplex Kapsel;;;;
B;Ethambutol (nüchtern);;;;
B;Vitagamma Vitamin D3 duo;;;;
B;Formeterol Spray;;;;
B;Meronem (Meropenem) 2000mg/40ml  KI 60 min;;;;
C;Pantoprazol 40 mg Tbl.;A02BC02;7363007;;
C;Clexane 40 mg/0,4 ml Fertigspr.;B01AB05;5013355;;
C;ASS Protect 100 mg Tbl.;B01AC06;149989;;
C;Atorvastatin 20 mg Tbl.;C10AA05;9281851;;
C;Novaminsulfon 1 g/2 ml Amp.;N02BB02;9205198;;
C;Paracetamol 1000 mg/100 ml InfLsg;N02BE01;7717184;;
C;Insulin Actrapid Flexpen 300 E./3 ml;A10AB01;536781;;
C;Ringerlösung PlastikFl. 1000 ml;B05BB12;1836338;;
C;Clexane 40 mg/0,4 ml Fertigspr.;B01AB05;5013355;;
C;LevETIRAcetam 1000 mg Tbl.;N03AX14;1383985;;
C;Vimpat 200 mg Tbl.;N03AX18;1174179;;
C;Valproat chrono Desitin® 300 mg Retardtabletten;N03AG01;833786;;
C;Frisium 10 mg Tbl.;N05BA09;2012929;;
C;Tavor expidet 1 mg Plättchen;N05BA06;3565553;;
C;hydroCHLOROthiazid 25 mg Tbl.;C03AA03;271868;;
C;Candesartan 8 mg Tbl.;C09CA06;1472481;;
C;Candesartan 8 mg Tbl.;C09CA06;1472481;;
C;hydroCHLOROthiazid 25 mg Tbl.;C03AA03;271868;;
C;Zopiclon 7,5 mg Tbl.;N05CF01;1332514;;
C;Methylprednisolon 1000 mg/10 ml Amp.;H02AB04;14141968;;
C;Clexane 40 mg/0,4 ml Fertigspr.;B01AB05;5013355;;
C;amiTRIPTYLin 25 mg Tbl.;N06AA09;3634366;;
C;Pantoprazol 40 mg Tbl.;A02BC02;7363007;;
C;Naproxen 250 mg HEXAL®, Tbl.;M01AE02;1239542;;
C;Pantoprazol 40 mg Tbl.;A02BC02;7363007;;
C;amiTRIPTYLin 25 mg Tbl.;N06AA09;3634366;;
C;Riopan Gel Karamel Btl.;A02AD02;8592939;;
C;Calcitriol 0,25 MICROg Kps.;A11CC04;3531956;;
C;Calcium 500 mg BTbl.;A12AA04;8698589;;
C;Clexane 40 mg/0,4 ml Fertigspr.;B01AB05;5013355;;
C;B12 1000 MICROg Dragees;B03BA01;3541050;;
C;Carmenthin® bei Verdauungsstörungen;A03AP30;10327601;;
C;L-Thyroxin 100 MICROg Tbl.;H03AA01;811738;;
C;Methylprednisolon 1000 mg/10 ml Amp.;H02AB04;14141968;;
C;Omeprazol 20 mg Kps.;A02BC01;6766134;;
C;Methylprednisolon 1000 mg/10 ml Amp.;H02AB04;14141968;;
C;Vigantoletten 1000 I.E. Tbl.;A11CC05;13155678;;
C;ACC 600 mg BTbl.;R05CB01;4823566;;
C;Pantoprazol 40 mg Tbl.;A02BC02;7363007;;
C;ASS Protect 100 mg Tbl.;B01AC06;149989;;
C;Methylprednisolon 1000 mg/10 ml Amp.;H02AB04;14141968;;
C;Clexane 40 mg/0,4 ml Fertigspr.;B01AB05;5013355;;
C;Vitamin D3;{'system': 'http://fhir.de/CodeSystem/bfarm/atc', 'code': 'null'};9209380;;
C;Ximovan®, 7,5 mg Filmtabletten;N05CF01;3909372;;
C;Pantoprazol 40 mg Tbl.;A02BC02;7363007;;
C;Insulin Actrapid Flexpen 300 E./3 ml;A10AB01;536781;;
C;Ringerlösung PlastikFl. 1000 ml;B05BB12;1836338;;
C;Torasemid 10 mg Tbl.;C03CA04;788761;;
C;Januvia 50 mg Tbl.;A10BH01;814665;;
C;Candesartan 8 mg Tbl.;C09CA06;1472481;;
C;Bisoprolol 5 mg Tbl.;C07AB07;3090104;;
C;L-Thyroxin 50 MICROg Tbl.;H03AA01;811690;;
C;Atorvastatin 20 mg Tbl.;C10AA05;9281851;;
C;ELIQUIS® 2,5 mg Filmtabletten;B01AF02;8400041;;
C;Magnetrans forte Kps.;A12CC10;3127830;;
C;Zopiclon 7,5 mg Tbl.;N05CF01;1332514;;
C;Vigantoletten 1000 I.E. Tbl.;A11CC05;13155678;;
C;Ringerlösung PlastikFl. 1000 ml;B05BB12;1836338;;
C;Cetirizin 10 mg Tbl.;R06AE07;365492;;
C;Novaminsulfon 1 g/2 ml Amp.;N02BB02;9205198;;
C;Paracetamol 1000 mg/100 ml InfLsg;N02BE01;7717184;;
C;Dociton 10 mg Tbl.;C07AA05;14035829;;
C;Candesartan 8 mg Tbl.;C09CA06;1472481;;
C;Simvastatin 20 mg Tbl.;C10AA01;2846563;;
C;Pantoprazol 40 mg Tbl.;A02BC02;7363007;;
C;LamoTRIgin 100 mg Tbl.;N03AX09;4087788;;
C;Konakion MM 10 mg/ml Amp.;B02BA01;4273031;;
C;Urapidil 50 mg/10 ml Amp.;C02CA06;9615766;;
C;Clexane 40 mg/0,4 ml Fertigspr.;B01AB05;5013355;;
C;Tavor p.i. 2 mg/ml Amp.;N05BA06;3449611;;
C;Morphinsulfat 10 mg/ml Amp.;N02AA01;3761320;;
C;Scopoderm 0,33 mg/24h TTS;A04AD01;107146;;
C;Morphinsulfat 10 mg/ml Amp.;N02AA01;3761320;;
C;Morphinsulfat 10 mg/ml Amp.;N02AA01;3761320;;
C;Morphinsulfat 10 mg/ml Amp.;N02AA01;3761320;;
C;Talvosilen forte Paracetamol 500 mg + Codein 30 mg Kps.;N02AJ06;2725227;;
C;Clexane 20 mg/0,2 ml Fertigspr.;B01AB05;5013266;;
C;Kochsalz 1000 mg Tbl.;V06XX02;6834278;;
C;Pantoprazol 40 mg Tbl.;A02BC02;7363007;;
C;Kochsalz 1000 mg Tbl.;V06XX02;6834278;;
C;Mirtazapin 15 mg Tbl.;N06AX11;250027;;
C;Bisoprolol 2,5 mg Tbl.;C07AB07;1921400;;
C;Ramipril 5 mg Tbl.;C09AA05;1983631;;
C;hydroCHLOROthiazid 12,5 mg Tbl.;C03AA03;271897;;
C;Riopan Gel Karamel Btl.;A02AD02;8592939;;
C;Movicol Pulver Btl.;A06AD65;6553119;;
C;Kochsalzlsg 0,9% 1000 ml KabiPac;B05BB01;1399062;;
C;Urapidil 30 mg RetardKps.;C02CA06;11510951;;
C;Promethazin-HCl 25 mg Tbl.;N05CM22;3421699;;
C;Thyronajod 50 MICROg Henning Tbl.;H03AA51;6882202;;
C;Dekristol 20000 I.E. Kps.;A11CC05;14056702;;
C;Folsäure 5 mg Tbl.;B03BB01;10067821;;
C;Vitamin B12 1000 MICROg/ml Amp.;B03BA01;7146994;;
C;Clexane 20 mg/0,2 ml Fertigspr.;B01AB05;5013266;;
C;Talvosilen forte Paracetamol 500 mg + Codein 30 mg Kps.;N02AJ06;2725227;;
C;Novaminsulfon 500 mg/ml Tr.;N02BB02;3530402;;
C;Promethazin-HCl 25 mg Tbl.;N05CM22;3421699;;
C;Kochsalzlsg 0,9% 500 ml KabiPac;B05BB01;809109;;
C;Kochsalzlsg 0,9% 500 ml KabiPac;B05BB01;809109;;
C;Vitamin B12 1000 MICROg/ml Amp.;B03BA01;7146994;;
C;Folsäure 5 mg Tbl.;B03BB01;10067821;;
C;Kochsalz 1000 mg Tbl.;V06XX02;6834278;;
C;Novaminsulfon 500 mg/ml Tr.;N02BB02;3530402;;
C;Kochsalzlsg 0,9% 500 ml KabiPac;B05BB01;809109;;
C;Kochsalz 1000 mg Tbl.;V06XX02;6834278;;
C;Kochsalz 1000 mg Tbl.;V06XX02;6834278;;
C;Loperamid-HCl akut 2 mg Tbl.;A07DA03;3928406;;
C;Mirtazapin 15 mg Tbl.;N06AX11;250027;;
C;Promethazin-HCl 25 mg Tbl.;N05CM22;3421699;;
C;Novaminsulfon 500 mg/ml Tr.;N02BB02;3530402;;
C;Laxoberal Tropfen 30 ml;A06AB08;1590311;;
C;Novaminsulfon 500 mg/ml Tr.;N02BB02;3530402;;
C;Talvosilen forte Paracetamol 500 mg + Codein 30 mg Kps.;N02AJ06;2725227;;
C;Jonosteril Btl. Freeflex 500ml;B05BB01;412211;;
C;Novaminsulfon 500 mg/ml Tr.;N02BB02;3530402;;
C;Promethazin-HCl 25 mg Tbl.;N05CM22;3421699;;
C;Mirtazapin 15 mg Tbl.;N06AX11;250027;;
C;Promethazin-HCl 25 mg Tbl.;N05CM22;3421699;;
C;Folsäure 5 mg Tbl.;B03BB01;10067821;;
C;Vitamin B12 1000 MICROg/ml Amp.;B03BA01;7146994;;
C;Dekristol 20000 I.E. Kps.;A11CC05;14056702;;
C;Bisoprolol 2,5 mg Tbl.;C07AB07;1921400;;
C;Ramipril 5 mg Tbl.;C09AA05;1983631;;
C;Pantoprazol 40 mg Tbl.;A02BC02;7363007;;
C;Movicol Pulver Btl.;A06AD65;6553119;;
C;Urapidil 30 mg RetardKps.;C02CA06;11510951;;
C;Thyronajod 50 MICROg Henning Tbl.;H03AA51;6882202;;
C;B12 1000 MICROg Dragees;B03BA01;3541050;;
C;Trimipramin 100 mg Tbl.;N06AA06;1752989;;
C;Tilidin-HCl 50 mg + Naloxon-HCl 4 mg RetardTbl.;N02AX51;1038938;;
C;Magnetrans forte Kps.;A12CC10;3127830;;
C;Otriven 0,1% Nasenspray 10 ml;R01AA07;753739;;
C;Candesartan 8 mg Tbl.;C09CA06;1472481;;
C;Torasemid 10 mg Tbl.;C03CA04;788761;;
C;Pantoprazol 40 mg Tbl.;A02BC02;7363007;;
C;Vigantoletten 1000 I.E. Tbl.;A11CC05;13155678;;
C;Trimipramin 100 mg Tbl.;N06AA06;1752989;;
C;Tilidin-HCl 50 mg + Naloxon-HCl 4 mg RetardTbl.;N02AX51;1038938;;
C;Gabapentin 300 mg Kps.;N03AX12;4024411;;
C;Ortoton 750 mg Tbl.;M03BA03;13914397;;
C;metFORMIN-HCl 500 mg Tbl.;A10BA02;189730;;
C;FAMENITA® 100 mg Weichkapseln;G03DA04;9915161;;
C;Gynokadin® Dosiergel;G03CA03;816813;;
C;Miflonide 400 Mikrogramm Emra Hartkaps. mit Pulver zur Inhalation;R03BA02;13577480;;
C;Epi-Pevaryl® P.v. 1 % Lösung;D01AC03;2787079;;
C;Atrovent Dosieraerosol 10 ml;R03BB01;10998086;;
C;Spiropent kohlpharma Tbl.;R03CC13;4128599;;
C;Bronchospray® novo 0,1 mg / Sprühstoß, Druckgasinhalation, Suspension;R03AC02;7722179;;
C;Gabapentin 300 mg Kps.;N03AX12;4024411;;
C;Novaminsulfon 500 mg/ml Tr.;N02BB02;3530402;;
C;Gabapentin 300 mg Kps.;N03AX12;4024411;;
C;Vomex A 150 mg Supp. f. Erwachsene;A04AB02;1116555;;
C;Ortoton 750 mg Tbl.;M03BA03;13914397;;
C;Tavor expidet 1 mg Plättchen;N05BA06;3565553;;
C;Valdoxan 25 mg Tbl.;N06AX22;8796837;;
C;Novaminsulfon 500 mg/ml Tr.;N02BB02;3530402;;
C;Unacid PD oral 375 mg Tbl.;J01CR04;8456774;;
C;Magnetrans forte Kps.;A12CC10;3127830;;
C;Gabapentin 300 mg Kps.;N03AX12;4024411;;
C;Gabapentin 300 mg Kps.;N03AX12;4024411;;
C;Novaminsulfon 500 mg/ml Tr.;N02BB02;3530402;;
C;Movicol Pulver Btl.;A06AD65;6553119;;
C;Tilidin-HCl 50 mg + Naloxon-HCl 4 mg RetardTbl.;N02AX51;1038938;;
C;Buscopan 10 mg Dragees;A03BB01;161996;;
C;Movicol Junior Pulver Btl.;A06AD65;4951755;;
C;Tilidin-HCl 50 mg + Naloxon-HCl 4 mg RetardTbl.;N02AX51;1038938;;
C;Novaminsulfon 500 mg/ml Tr.;N02BB02;3530402;;
C;Sertralin 50 mg Tbl.;N06AB06;993745;;
C;Baldrian-ratiopharm® überzogene Tablette;N05CP01;7052690;;
C;Fenistil Gel 20 g;D04AA13;12550409;;
C;QUEtiapin 25 mg Tbl.;N05AH04;13815809;;
C;Sertralin 50 mg Tbl.;N06AB06;993745;;
C;Sertralin 50 mg Tbl.;N06AB06;993745;;
C;Sertralin 50 mg Tbl.;N06AB06;993745;;
C;Gabapentin 300 mg Kps.;N03AX12;4024411;;
C;Magnetrans forte Kps.;A12CC10;3127830;;
C;Sertralin 50 mg Tbl.;N06AB06;993745;;
C;Tilidin-HCl 50 mg + Naloxon-HCl 4 mg RetardTbl.;N02AX51;1038938;;
C;Talvosilen forte Paracetamol 500 mg + Codein 30 mg Kps.;N02AJ06;2725227;;
C;Kochsalz 1000 mg Tbl.;V06XX02;6834278;;
C;Unacid PD oral 375 mg Tbl.;J01CR04;8456774;;
C;Unacid PD oral 375 mg Tbl.;J01CR04;8456774;;
C;Dolo Dobendan Lutschpastillen;R02AA20;12700079;;
C;Gent-Ophtal AS 3 g;S01AA11;1405638;;
C;Vismed® multi Augentropfen (ohne Konservierungsmittel);S01XA20;4844315;;
C;Cymbalta 30 mg Kps.;N06AX21;14001919;;
C;Dolo Dobendan Lutschpastillen;R02AA20;12700079;;
C;Kochsalz 1000 mg Tbl.;V06XX02;6834278;;
C;FAMENITA® 100 mg Weichkapseln;G03DA04;9915161;;
C;Basiscreme DAC 100 g Tube;{'system': 'http://fhir.de/CodeSystem/bfarm/atc', 'code': 'null'};5891133;;
C;Batrafen® S 10 mg/g Shampoo;D01AE14;3024840;;
C;Tilidin-HCl 50 mg + Naloxon-HCl 4 mg RetardTbl.;N02AX51;1038938;;
C;Sab Simplex Tropfen 30 ml;A03AX13;7810446;;
C;Tilidin-HCl 50 mg + Naloxon-HCl 4 mg RetardTbl.;N02AX51;1038938;;
C;Limptar N 200 mg Tbl.;M09AA02;4620395;;
C;Magnetrans forte Kps.;A12CC10;3127830;;
C;Candesartan 16 mg Tbl.;C09CA06;9297728;;
C;Lercanidipin 20 mg Tbl.;C08CA13;15305834;;
C;Moxonidin 0,2 mg Tbl.;C02AC05;1035934;;
C;Lixiana 30 mg Tbl.;B01AF03;10714083;;
D;(-)-Ephedrin;;;;
D;Natrium laureth-8 sulfat;;;;
D;2-Hydroxy-N-(2-hydroxyethyl)propionamid;;;;
D;Alchemilla vulgaris-spag. Zimpel;;;;
D;Cineol;;;;
D;Efeukraut-Extrakt;;;;
D;Mucosa vesica urinaria lysat. bovis fetal. extractum lyophilisatum aquosum;;;;
D;Orthosiphon aristatus;;;;
D;Saccharose distearat;;;;
D;Viscum album Mali e planta tota K;;;;
D;Cinnarizin;;;;
D;Schafgarbenkraut-Pulver;;;;
D;Lindenblüten;;;;
D;Ursodeoxycholsäure;;;;
D;Palladium metallicum;;;;
D;Natrium citrat;;;;
D;Staphylococcus aureus e volumine cellulae;;;;
D;"Sägepalmenfrucht-Dickextrakt (7,5-12,5:1); Auszugsmittel: Ethanol 90% (m/m)";;;;
D;Magnesium phosphoricum;;;;
D;Bergwasser;;;;
D;Cetraria islandica-spag. v. Bernus;;;;
D;Galeopsis tetrahit;;;;
D;Mycobacterium phlei F.U. 36;;;;
D;Musculi lysat. bovis juvenil et fetalis extractum lyophilisatum aquosum;;;;
D;Blut (Rind), defibriniert;;;;
D;Hydrocortison buteprat;;;;
D;Equisetum cum Sulfure tostum;;;;
D;Eierschale;;;;
D;Oxalis e planta tota ferm 34b;;;;
D;Phytolacca decandra-spag. Krauß;;;;
D;Urokinase;;;;
D;Myristica fragrans-spag. v. Bernus;;;;
D;Mycobacterium bovis antigenum;;;;
D;Choriongonadotropin;;;;
D;Kollagen-Hydrolysat (Rind);;;;
D;Citrat-Trianion;;;;
D;Cellulose, oxidiert, regeneriert;;;;
D;Phenprocoumon;;;;
D;Fragaria/Urtica;;;;
D;Articulatio lysat. bovis fetal. extractum lyophilisatum aquosum;;;;
D;Ventriculus suis;;;;
D;Alendronsäure natrium-1-Wasser;;;;
D;3-Methylbut-2-ensäure-3,7-dimethyloct-6-enylester;;;;
D;Curcuma xanthorrhiza;;;;
D;Calcium DL-hydrogenaspartat;;;;
D;Blutgruppen-Testzone;;;;
D;Galeopsis speciosa;;;;
D;2,5-Dioxahexan-1,6-diol;;;;
D;Iris florentina-Wurzel-Extrakt;;;;
D;Efeu-Blätter-, -Stängel-Extrakt;;;;
D;Holunderbeeren-Extrakt;;;;
D;Clavulansäure;;;;
D;Almotriptan;;;;
D;"Rota-Virus, lebend (VERO); Serotyp G3";;;;
D;Cuprum aceticum/Zincum valerianicum;;;;
D;Hamamelisblätter-Fluidextrakt;;;;
D;Magnesium iodatum;;;;
D;Sulpirid;;;;
D;Malachit aquosum;;;;
D;Acidum silicicum-spag. v. Bernus;;;;
D;"Fichtensprossen-Extrakt (1:17-22); Auszugsmittel: Wasser";;;;
D;Gelatine, resorbierbar;;;;
D;Phosphatidylethanolamine;;;;
D;Ketotifen fumarat;;;;
D;Natrium causticum;;;;
D;Bifidobacterium lactis BS01;;;;
D;Eisen(III)-Ion;;;;
D;Indischer Weihrauchbaumharz-Extrakt;;;;
D;12-Hydroxystearinsäure;;;;
D;Viscum album ssp. album aceris campestris ex herba et fructibus recentibus;;;;
D;Ovarialcyste-Nosode;;;;
D;Citrusflavonoide;;;;
D;Hydrochlorothiazid;;;;
D;Ruta graveolens-spag. Krauß;;;;
D;Dilinoleylalkohol/Dimethylcarbonat-Copolymer;;;;
D;Ferrum metallicum-spag. v. Bernus;;;;
D;Iodum;;;;
D;Hydrocodon hydrochlorid-2-Wasser;;;;
D;Maxilla feti bovis-Glycerolauszug;;;;
D;PEG-12 dimeticon;;;;
D;Thymiankraut-Extrakt;;;;
D;Equisetum/Stannum;;;;
D;Polyglyceryl-10 pentaoleat;;;;
D;4-Amino-2-hydroxybenzoesäure, Natriumsalz;;;;
D;Achillea millefolium Rh;;;;
D;Carbonat-Ionum;;;;
D;Brennnesselwurzel;;;;
D;Diplococcus pneumoniae-Ribosomen;;;;
D;Echinacea purpurea ex planta tota;;;;
D;Liquor cerebrospinalis bovis-Glycerolauszug;;;;
D;Wiesenknäuelgraspollen, allergenfrei;;;;
D;Gelatine, modifiziert zur parenteralen Anwendung;;;;
D;PPG-15 stearyl ether;;;;
D;Meningokokken-C-Polysaccharid (de-O-acetyliert);;;;
D;Oenanthe crocata;;;;
D;Betamethason valerat;;;;
D;Rotkleeblüten-Pulver;;;;
D;Ioversol;;;;
D;Erdrauchkraut-Trockenextrakt;;;;
D;Lactobacillus gasseri;;;;
D;Kaninchencitratplasma, lyophilisiert;;;;
D;Osmium metallicum;;;;
D;Angelica archangelica, ethanol. Decoctum;;;;
D;Ketorolac;;;;
D;Castanea sativa;;;;
D;Pentaerythritol dicocoat;;;;
D;Ginkgoblätter-Extrakt;;;;
D;Oxitropium bromid;;;;
D;Bittersüßstängel-Extrakt;;;;
D;Pfirsichkernöl;;;;
D;Mitoxantron hydrochlorid;;;;
D;Olivenpolyphenol-Extrakt;;;;
D;Aloe socotrina;;;;
D;Rosa e floribus W 10%;;;;
D;Lecithin;;;;
D;Grindelia robusta-spag. Peka;;;;
D;Fentanyl dihydrogencitrat;;;;
D;(RS)-Octan-/Decansäure-2-hydroxybutylester;;;;
D;Papaverin hydrochlorid;;;;
D;Lycopodium clavatum;;;;
D;Palmitinsäure;;;;
D;Fragaria vesca, fructuarium Rh;;;;
D;Trilinolein;;;;
D;Apfel-Saft;;;;
D;N,N-Didecyl-N-methyl-N-poly(oxyethylen)ammoniumpropionat;;;;
D;Pneumokokken-Polysaccharid, Serotyp 6A;;;;
D;Glycerolmonostearat 40-50%;;;;
D;Buchweizen-Trockenextrakt;;;;
D;RNA-Na (Mesenchyma);;;;
D;Fel tauri;;;;
D;Eriodictyon californicum;;;;
D;Besenbeifußkraut-Trockenextrakt;;;;
D;Tosylchloramid natrium-3-Wasser;;;;
D;Levomenthol-Destillat;;;;
D;Tinnevelly-Sennesfrüchte;;;;
D;Dolasetron;;;;
D;Butylen/Ethylen/Styrol-Copolymer, hydriert;;;;
D;Cefaclorum;;;;
D;"Poliomyelitisviren, inaktiviert (VERO-Zellen); Typ III Stamm Saukett";;;;
D;Gräserpollen-Extraktgemisch (Roggen : Timothy Gras : Mais) (30:1,5:1);;;;
D;Plumbum metallicum;;;;
D;Ceteareth-25;;;;
D;Acrylat/Palmeth-25 acrylat-Copolymer;;;;
D;X-Radii;;;;
D;Magnesiumphosphat;;;;
D;Zimtrinden-Destillat;;;;
D;Traubenkernöl;;;;
D;Talpa europaea;;;;
D;Ceteareth-60 myristyl glycol;;;;
D;Veilchenwurzel-Fluidextrakt;;;;
D;Clostridium botulinum Toxin Typ B;;;;
D;Aloe vera-Blätter-Saft;;;;
D;Convallaria majalis ex herba-spag. Strathmeyer;;;;
D;Pyrithion natrium;;;;
D;Zalcitabin;;;;
D;Aminosäuren, semiessentiell;;;;
D;Calciumglycerophosphat;;;;
D;Clomifen citrat;;;;
D;Triacylglycerollipase;;;;
D;Polybutylmethacrylat;;;;
D;Natrium-(RS)-2,3-bis(sulfanyl)propan-1-sulfonat;;;;
D;Fosfomycin;;;;
D;Anus bovis-Glycerolauszug;;;;
D;Erythromycin stinoprat;;;;
D;Gnaphalium leontopodium;;;;
D;Warfarin;;;;
D;Bärentraubenblätter-Extrakt;;;;
D;Cerebellum comp.;;;;
D;Mercurialis perennis ferm 34c;;;;
D;Clavulansäure kalium;;;;
D;Blutgerinnungsfaktor IX (human);;;;
D;Schwefel;;;;
D;Tunica mucosa nasi bovis-Glycerolauszug;;;;
D;Cefotaxim;;;;
D;Artemisia abrotanum-spag. Krauß;;;;
D;Magnesium sulfuricum aquosum;;;;
D;Dobutamin;;;;
D;Verbena officinalis ex herba siccata-spag. v. Bernus;;;;
D;Cola;;;;
D;Nylon-12/6/66-Copolymer;;;;
D;Eugenol;;;;
D;Oryza;;;;
D;Capsella bursa-pastoris-spag. Zimpel;;;;
D;Pidolsäure, Zinksalz;;;;
D;Hydrocodon hydrogentartrat-2,5-Wasser;;;;
D;Pyridoxinum;;;;
D;Picrorhiza kurroa;;;;
D;Insulin lispro-Isophan;;;;
D;Lien lysat. bovis fetal extractum lyophilisatum aquosum;;;;
D;Mohnöl;;;;
D;Aminocapronsäure;;;;
D;Fluphenazin decanoat;;;;
D;Protein;;;;
D;Saure Limette-Öl;;;;
D;Calcium folinat;;;;
D;Sojakeim-Extrakt;;;;
D;Granatum punica-spag. Zimpel;;;;
D;Amikacin;;;;
D;Pons bovis-Glycerolauszug;;;;
D;Disci intervertebrales feti bovis-Glycerolauszug;;;;
D;Glycerol citrat/lactat/linolat/oleat;;;;
E;Dynexidin forte 0,2% CHX  5 Liter;;;;
E;Codeinlösung zur Pricktestung [3];;;;
E;Polysorbat 80-Lsg. in NaCl Testreihe [4];;;;
E;PEG 2000-Lsg. in NaCl Testreihe [4];;;;
E;PEG 6000-Lsg. in NaCl Testreihe [4];;;;
E;Fosrenol Eurim 1000mg 2x15 KT (aus 90);;;;
E;Isot. Kochsalz-Lsg. 0,9% Fres 50ml 20Inj;;;;6178437
E;Isot. Kochsalz-Lsg.0,9% Fres 100ml 20Inj;;;;8439712
E;Innohep  8.000 IE/0,4 ml  6 FS;;;;14022815
E;Rinvoq 15mg 30 Retardtabletten;;;;15620317
E;Glucosteril 5% Kabipac 100ml 40 Inf;;;;4986191
E;Glucosteril 10% Kabipac 500ml 10 Inf;;;;424800
E;Glucosteril 5% Kabipac 250ml 20 Inf;;;;4976896
E;Levetiracetam Heumann 500 mg  50 Tbl;;;;16138574
E;Levetiracetam Heumann 750 mg  50 Tbl;;;;16138611
E;Timonil 200mg retard 200 Tbl (teilbar);;;;630600
E;T-bet  0,2 ml;;;;
E;Na-hydrogencarb. 8,4% 1M Fres 100ml 1Inf;;;;3058282
E;Isot.Kochsalzlsg. Kabipac 250ml  20 Fl;;;;4976844
E;Testosteron Depot Rotex 250mg/1ml 10 Amp;;;;
E;STUD VIR-3434 VIR-3434-1002 300mg;;;;
E;Risperidon-ratiopharm 37,5 mg  1 Inj;;;;16233002
E;Risperidon-ratiopharm 50 mg  1 Inj;;;;16233025
E;Lamictal 50mgTabl.z.Herst.e.Susp. 98 Tbl;;;;
E;RNA Kit (15NT);;;;
E;HS RNA Kit (15NT);;;;
E;Nasenduo Nasenspray 10 ml;;;;
E;Estramon conti 40/130 µg/24 h  8 Pfl;;;;
E;Citalopram AL 30 mg  100 Tbl;;;;4973739
E;Tysabri 150 mg s.c.  2 FS;;;;16825458
E;EX-TEST (10 ACTIVE TIPS);;;;6,19844E+11
E;FIB-TEST (10 ACTIVE TIPS);;;;6,19844E+11
E;IN-TEST (10 ACTIVE TIPS);;;;6,19844E+11
E;Quality Control Material QCI (5);;;;6,19844E+11
E;Quality Control Material QC2 (5);;;;6,19844E+11
E;Quality Control Material QCDIL 5ml (6);;;;6,19844E+11
E;Celipro 200mg Lich 30 Tbl;;;;11280
E;Entyvio 108 mg Injektionslösung 1 Pen;;;;15894581
E;Calquence 100mg Hartkapseln 60St;;;;16662022
E;Ayvakyt 100mg Filmtabletten 30St;;;;16742488
E;Adakveo 10 mg/ml Infusionskonz. 1DFL;;;;15613487
E;Nubeqa 300mg Filmtabletten  112St;;;;15586709
E;Alofisel 5Mio Zellen/ml  Inf.susp. 4x6ml;;;;14017027
E;Rozlytrek 200 mg Hartkapseln 90St;;;;15292830
E;Tavlesse 100 mg Filmtabletten 60St;;;;16632831
E;Daurismo 100mg Filmtabletten 30St;;;;16331609
E;Trogarzo 200mg Infusionskonz. 2x1,33ml;;;;16398298
E;Kaftrio 75mg/50mg/100mg FTA  56St;;;;16387662
E;Spasmex 45mg  30 Tbl;;;;10088929
E;Haemonine 500   1 INJ;;;;
E;Purethal-Gräser 3 ml;;;;3279505
E;Purethal-Birke 3 ml;;;;3633266
E;STUD Rituximab CC-220 100mg/10ml 1Inf;;;;
E;STUD Rituximab CC-220 500mg/50ml 1Inf;;;;
E;STUD Rituximab sc CC-220 1400mg 1Inj;;;;
E;STUD Obinutuzumab CC-220 1000mg/40ml;;;;
E;STUD CC-220 CC-220-NHL-001 0,15mg Kps;;;;
E;STUD CC-220 CC-220-NHL-001 0,3mg Kps;;;;
E;STUD CC-220 CC-220-NHL-001 0,45mg Kps;;;;
E;STUD CC-220 CC-220-NHL-001 0,6mg Kps;;;;
E;STUD CC-220 CC-220-NHL-001 0,75mg Kps;;;;
E;STUD CC-220 CC-220-NHL-001 1mg Kps;;;;
E;STUD CC-220 CC-220-NHL-001 1,3mg Kps;;;;
E;STUD CC-220 CC-220-NHL-001 1,6mg Kps;;;;
E;STUD CC-220-NHL-001 CC-220 ABGABE;;;;
E;Provera 250 mg 40 Tbl;;;;
E;Epoetin alfa Hexal  1000 IE/0,5 ml  6 FS;;;;3435046
E;Clonidin ratiopharm 150 µg  50 Tbl;;;;9722723
E;WHATMAN(TM) FTA(TM) CARD#TECHNOLOGY, DE;;;;
E;WHATMAN(TM) FTA(TM) CARD #TECHNOLOGY, M;;;;
E;WHATMAN(R) FTA(R)#TECHNOLOGY FTA MINI C;;;;
E;WHATMAN(R) FTA(R)#TECHNOLOGY INDICATOR;;;;
E;WHATMAN(R) FTA(R) TECHNOLOGY CLASSIC CA&;;;;
E;WHATMAN(R) FTA(R) TECHNOLOGY FTA MICRO &;;;;
E;STUD Ravulizumb/Plb ALXN1210MG306 1100mg;;;;
E;Hydromorphon HCl Puren 16mg retard 20Kps;;;;11354988
E;Pepaxto 0,5 mg/ml 20 mg 1Inf;;;;
E;Anti-Hu IgM PerCP-Cy5.5;;;;
E;STUD Bempegaldesleukin PIVOT-12 1mg;;;;
E;STUD Nivolumab PIVOT-12 100mg;;;;
E;NbActiv4 (Primary Neuron Cultures) 500ml;;;;
E;Mx1/2/3 Antikörper (C-1) 200 µg/ml;;;;
E;Kit Calibrator Mgit960 (3x17 Röhrchen);;;;
E;Calibrator Kit  Mgit960 (17 Röhrchen);;;;
E;Allergene PEG-2000;;;;
E;Atriance 250 mg Inf 50 ml;;;;16396402
E;Timo COMOD 0,25% Augentropfen 10 ml;;;;
E;STUD Pembrolizumab MK-7902-012 100mg INJ;;;;
E;STUD MK-7902-012 Lenvatinib ABGABE;;;;
E;STUD Lenvatinib 4mg MK-7902-012 25 KPS;;;;
E;°TCL1    0,2 ml;;;;
E;Vit. B1/B6 Adjustment Reagent  20ml;;;;
E;OS Anamix Frucht-Vanille Plv 30x34,5;;;;16499728
E;Venlafaxin AL Retard 75mg   100 Kps;;;;13572583
E;Midori Green Direct  1 ml;;;;
E;Etesevimab 700mg/20ml  1 Inf;;;;
E;FG HUMAN GAPDH (500);;;;
E;TQMN COPYNUMBR REFASSAY RNASEP (3000);;;;
E;Risperidon-ratiopharm 25 mg  1 Inj;;;;16232988
E;Mestinon retard 180 mg 20 Tbl;;;;9327518
E;Levetiracetam UCB 750 mg  50 Tbl;;;;7611126
E;Omacor  100 Kps;;;;3249208
E;Trimipramin 1A Pharma 25mg  20 Tbl;;;;1664179
E;Plant and Animal Euk. mRNA-seq with ref.;;;;
E;Donepezil HCl Stada 5 mg   28 Tbl;;;;9335251
E;Dasatinib Zentiva 140mg  30 FTA;;;;15592029
E;Dasatilen 140mg  30 FTA;;;;16138143
E;Letrohexal 2,5mg   30 FTA#;;;;7762865
E;ERY Q AB0 variant  (12);;;;
E;Natamet  5 ml     ATR;;;;
E;Fenofibrat 250 retard Heumann 100 Kps;;;;8414244
E;Ramipril Hexal 5 mg  20 Tbl.;;;;761259
E;A1A Mikroglobulin Calibrator Set;;;;
E;A1M, 100T, cobas c, Integra;;;;
E;A1MG Mikroglobulin 150 Tests cobas c 70x;;;;
E;proBNP G2 Elecsys E2G 300 V2.1;;;;
E;proBNP G2 CS Elecsys E2G V2.1;;;;
E;Troponin T hs Elecsys E2G 300 V2.1;;;;
E;Troponin T hs CS Elecsys E2G V1.1;;;;
E;LAG-3 Antibody (17B4) 100µg;;;;
E;A-Z Komplex ratiopharm  30 Tbl;;;;1433379
E;CEFIXIM AL 400MG  10 Tbl;;;;
E;Ebrantil 90mg (retard)  100 Kps;;;;
E;ISDN Stada 20 retard   100 Kapseln;;;;
E;GeoMx TAP NGS WTA Slide;;;;
E;GeoMx TAP Add 12 AOIs EA;;;;
E;Nanobind CBB Big DNA Kit;;;;
E;Biatain Silicone non border 10x10 10St;;;;16942336
E;Biatain Silicone non border 20x20 5St;;;;16942371
E;Nexobrid 2g;;;;10815157
E;Hot Thermo dura C Creme 100 g;;;;1001102
E;Agomelatin AbZ 25 mg 28 FTA;;;;14169843
E;Olanzapin Abz 20mg  35 Tbl;;;;8805559
E;Maprotilin neurax 25mg  100 FT;;;;3831463
E;CLOZAPIN 1A Pharma 100 mg 100 Tbl;;;;1664110
E;VENOMIL WESPE 550UG 1 Amp + 1x LM;;;;3006641
E;Ga-PentixaFor acetate (Ref.stand.) 100µg;;;;
E;PentixaFor acetate (GMP) 250µg;;;;
E;ELISA VIDITEST anti-HHV-6 IgG pck=96;;;;
E;ELISA VIDITEST anti-HHV-6 IgM pck=96;;;;
E;Purethal-Baeume DFL 3 ml;;;;3633243
E;Middlebrook 7H10 Agar mit OADC (20Plat.);;;;
E;Nab-Paclitaxel-Pazenir 5 mg/ml 20ml 1Inj;;;;14375146
E;Magna Pure 96 DNA and ViralNA Large Vol;;;;
E;Octreo-ratio 30mg Depot TRS  3 Stück;;;;14061241
E;Omep 20 mg  50 Kps;;;;
E;Sabril 500mg  100 Tbl;;;;6983630
E;Amoclav 875mg + 125mg 20 FTA;;;;3361017
E;Metfoliquid GeriaSan 1000mg/5ml 150ml;;;;11852864
E;Vaxol Ohrenspray  10ml;;;;17148681
E;STUD Cetuximab Interlink-1 5 mg/ml 100ml;;;;
E;STUD Monalizumab Interlink-1 375 mg 1Inj;;;;
E;Colchicin Ysat 0,5mg 30 Tbl.;;;;16383084
E;Analyseabrechnung monatl. Urinanalytik;;;;
E;PepTivator SARS-CoV-2 Prot_N–  6nmol;;;;
E;PepTivator SARS-CoV-2 Prot_S B.1.1.7 6nm;;;;
E;PepTivator SARS-CoV-2 Prot_S B.1.351 6nm;;;;
E;PepTivator SARS-CoV-2 Prot_S 6 nmol;;;;
E;Universal Color Compensation Hexaplex Pl;;;;
E;MERS Coronavirus SA1 upstream E-gene (53;;;;
E;Influenza A H7 (H7N9) (530) (96 rxn);;;;
E;Plesiomonas (640) (96 rxn);;;;
E;MERS Corona SA1 Orf1a (530) (96 rxn);;;;
E;PhHV spiked Extraction Ctrl (660) (96 rx;;;;
E;TREC (530) (96 rxn);;;;
E;KREC (610) (96 rxn);;;;
E;Tropheryma whipplei (530) (96 rxn);;;;
E;MSTN Extraction Control (660) (96 rxn);;;;
E;Astrovirus (640) (96 rxn);;;;
E;Rotavirus A (580) (96 rxn);;;;
E;EAV RNA Extraction Control (660) (96 rxn;;;;
E;Ebola Zaire (2014) (530) (96 rxn);;;;
E;Sapovirus (500) (96 rxn);;;;
E;Escherichia coli uidA (500) (96 rxn);;;;
E;Listeria monocytogenes  (530) (96 rxn);;;;
E;Neisseria meningitidis (610);;;;
E;Streptococcus agalactiae (610);;;;
E;Influenza A H7 (H7N9) (640);;;;
E;Influenza A H5 (H5N1) (580);;;;
E;Influenza A H9 (530) (96 rxn);;;;
E;Influenza A H3 (H3N2) (610) (96 rxn);;;;
E;MSTN Extraction Control (580) (96 rxn);;;;
E;EAV RNA Extraction Control (610) (96 rxn;;;;
E;EAV RNA Extraction Control (580) (96 rxn;;;;
E;MSTN Extraction Control (610) (96 rxn) ;;;;
E;PhHV spiked Extraction Ctrl (580) (96 rx;;;;
E;PhHV spiked Extraction Ctrl (610) (96 rx;;;;
E;RNase P RNA (580) (96 rxn);;;;
E;Rhinovirus (HRV) (640) (96 rxn);;;;
E;Coronavirus OC43 (580) (96 rxn);;;;
E;Coronavirus NL63 (640) (96 rxn);;;;
E;Coronavirus HKU1 (500) (96 rxn);;;;
E;Coronavirus 229E (610) (96 rxn);;;;
E;Bocavirus (HBoV) (580) (96 rxn);;;;
E;Chlamydophila psittaci (580) (96 rxn);;;;
E;Legionella pneumophila (500) (96 rxn);;;;
E;Legionella spp/pn (96 rxn);;;;
E;Lassavirus (530) (96 rxn);;;;
E;panCoronavirus (500) (96 rxn);;;;
E;Parainfluenza (PIV-1,2,3,4)  (500) (96 r;;;;